sno,Ring No.,Percentage
1,1,8.930240000000001
2,1.5,2.2325600000000003
3,2,4.465120000000001
4,2.5,6.69768
5,3,11.1628
